{
  "data": {
    "timelines": [
      {
        "timestep": "current",
        "startTime": "2021-03-24T14:47:00-04:00",
        "endTime": "2021-03-24T14:47:00-04:00",
        "intervals": [{
          "startTime": "2021-03-24T14:47:00-04:00",
          "values": {
            "precipitationIntensity": 0.0083,
            "precipitationType": 1,
            "windSpeed": 3,
            "windGust": 6.98,
            "windDirection": 21,
            "temperature": 56.98,
            "temperatureApparent": 55.87,
            "cloudCover": 100,
            "cloudBase": null,
            "cloudCeiling": null,
            "weatherCode": 4000
          }
        }]
      },
      {
        "timestep": "1h",
        "startTime": "2021-03-24T14:47:00-04:00",
        "endTime": "2021-03-25T14:47:00-04:00",
        "intervals": [{
          "startTime": "2021-03-24T14:47:00-04:00",
          "values": {
            "precipitationIntensity": 0.0083,
            "precipitationType": 1,
            "windSpeed": 3,
            "windGust": 6.98,
            "windDirection": 21,
            "temperature": 56.98,
            "temperatureApparent": 55.87,
            "cloudCover": 100,
            "cloudBase": null,
            "cloudCeiling": null,
            "weatherCode": 4000
          }
        },
          {
            "startTime": "2021-03-24T15:47:00-04:00",
            "values": {
              "precipitationIntensity": 0.0161,
              "precipitationType": 1,
              "windSpeed": 9.78,
              "windGust": 19.35,
              "windDirection": 140.41,
              "temperature": 57.92,
              "temperatureApparent": 57.97,
              "cloudCover": 100,
              "cloudBase": 0.71,
              "cloudCeiling": 3.44,
              "weatherCode": 4000
            }
          },
          {
            "startTime": "2021-03-24T16:47:00-04:00",
            "values": {
              "precipitationIntensity": 0.1362,
              "precipitationType": 1,
              "windSpeed": 10.11,
              "windGust": 23.04,
              "windDirection": 120.83,
              "temperature": 55.29,
              "temperatureApparent": 55.29,
              "cloudCover": 100,
              "cloudBase": 0.45,
              "cloudCeiling": 0.27,
              "weatherCode": 4001
            }
          },
          {
            "startTime": "2021-03-24T17:47:00-04:00",
            "values": {
              "precipitationIntensity": 0.2555,
              "precipitationType": 1,
              "windSpeed": 12.17,
              "windGust": 27.58,
              "windDirection": 112.24,
              "temperature": 53.53,
              "temperatureApparent": 53.53,
              "cloudCover": 100,
              "cloudBase": 0.11,
              "cloudCeiling": 0.19,
              "weatherCode": 4001
            }
          },
          {
            "startTime": "2021-03-24T18:47:00-04:00",
            "values": {
              "precipitationIntensity": 0.1323,
              "precipitationType": 1,
              "windSpeed": 9.64,
              "windGust": 21.41,
              "windDirection": 110.08,
              "temperature": 53.06,
              "temperatureApparent": 53.06,
              "cloudCover": 100,
              "cloudBase": 0.09,
              "cloudCeiling": 0.12,
              "weatherCode": 4001
            }
          },
          {
            "startTime": "2021-03-24T19:47:00-04:00",
            "values": {
              "precipitationIntensity": 0.089,
              "precipitationType": 1,
              "windSpeed": 9.71,
              "windGust": 23.96,
              "windDirection": 115.64,
              "temperature": 53.06,
              "temperatureApparent": 53.06,
              "cloudCover": 100,
              "cloudBase": 0.09,
              "cloudCeiling": 0.14,
              "weatherCode": 4200
            }
          },
          {
            "startTime": "2021-03-24T20:47:00-04:00",
            "values": {
              "precipitationIntensity": 0.0728,
              "precipitationType": 1,
              "windSpeed": 10.47,
              "windGust": 24.67,
              "windDirection": 115.09,
              "temperature": 53.1,
              "temperatureApparent": 53.1,
              "cloudCover": 100,
              "cloudBase": 0.12,
              "cloudCeiling": 0.19,
              "weatherCode": 4200
            }
          },
          {
            "startTime": "2021-03-24T21:47:00-04:00",
            "values": {
              "precipitationIntensity": 0.0457,
              "precipitationType": 1,
              "windSpeed": 9.1,
              "windGust": 23.15,
              "windDirection": 124.12,
              "temperature": 52.74,
              "temperatureApparent": 52.74,
              "cloudCover": 100,
              "cloudBase": 0.12,
              "cloudCeiling": 0.12,
              "weatherCode": 4200
            }
          },
          {
            "startTime": "2021-03-24T22:47:00-04:00",
            "values": {
              "precipitationIntensity": 0.115,
              "precipitationType": 1,
              "windSpeed": 5.5,
              "windGust": 13.62,
              "windDirection": 103.64,
              "temperature": 52.09,
              "temperatureApparent": 52.09,
              "cloudCover": 100,
              "cloudBase": 0.09,
              "cloudCeiling": 0.08,
              "weatherCode": 4001
            }
          },
          {
            "startTime": "2021-03-24T23:47:00-04:00",
            "values": {
              "precipitationIntensity": 0.05,
              "precipitationType": 1,
              "windSpeed": 4.65,
              "windGust": 8.75,
              "windDirection": 99.12,
              "temperature": 51.85,
              "temperatureApparent": 51.85,
              "cloudCover": 100,
              "cloudBase": 0.06,
              "cloudCeiling": 0.1,
              "weatherCode": 4200
            }
          },
          {
            "startTime": "2021-03-25T00:47:00-04:00",
            "values": {
              "precipitationIntensity": 0.0055,
              "precipitationType": 1,
              "windSpeed": 4.7,
              "windGust": 7.25,
              "windDirection": 70.27,
              "temperature": 51.48,
              "temperatureApparent": 51.48,
              "cloudCover": 100,
              "cloudBase": 0.03,
              "cloudCeiling": 0.03,
              "weatherCode": 4000
            }
          },
          {
            "startTime": "2021-03-25T01:47:00-04:00",
            "values": {
              "precipitationIntensity": 0,
              "precipitationType": 1,
              "windSpeed": 4.9,
              "windGust": 6.89,
              "windDirection": 47.32,
              "temperature": 50.67,
              "temperatureApparent": 50.67,
              "cloudCover": 100,
              "cloudBase": 0.03,
              "cloudCeiling": 0.03,
              "weatherCode": 2000
            }
          },
          {
            "startTime": "2021-03-25T02:47:00-04:00",
            "values": {
              "precipitationIntensity": 0,
              "precipitationType": 1,
              "windSpeed": 5.44,
              "windGust": 8.3,
              "windDirection": 34.38,
              "temperature": 49.68,
              "temperatureApparent": 49.68,
              "cloudCover": 100,
              "cloudBase": 0.03,
              "cloudCeiling": 0.03,
              "weatherCode": 2000
            }
          },
          {
            "startTime": "2021-03-25T03:47:00-04:00",
            "values": {
              "precipitationIntensity": 0,
              "precipitationType": 1,
              "windSpeed": 6.42,
              "windGust": 10.67,
              "windDirection": 31.86,
              "temperature": 49.66,
              "temperatureApparent": 49.66,
              "cloudCover": 100,
              "cloudBase": 0.03,
              "cloudCeiling": 0.03,
              "weatherCode": 2000
            }
          },
          {
            "startTime": "2021-03-25T04:47:00-04:00",
            "values": {
              "precipitationIntensity": 0,
              "precipitationType": 1,
              "windSpeed": 5.79,
              "windGust": 10.33,
              "windDirection": 39.19,
              "temperature": 50.05,
              "temperatureApparent": 50.05,
              "cloudCover": 100,
              "cloudBase": 0.03,
              "cloudCeiling": 0.03,
              "weatherCode": 2000
            }
          },
          {
            "startTime": "2021-03-25T05:47:00-04:00",
            "values": {
              "precipitationIntensity": 0,
              "precipitationType": 1,
              "windSpeed": 5.37,
              "windGust": 10.38,
              "windDirection": 53.95,
              "temperature": 50.23,
              "temperatureApparent": 50.23,
              "cloudCover": 100,
              "cloudBase": 0.03,
              "cloudCeiling": 0.03,
              "weatherCode": 2000
            }
          },
          {
            "startTime": "2021-03-25T06:47:00-04:00",
            "values": {
              "precipitationIntensity": 0,
              "precipitationType": 1,
              "windSpeed": 4.72,
              "windGust": 8.79,
              "windDirection": 15.24,
              "temperature": 49.5,
              "temperatureApparent": 49.5,
              "cloudCover": 100,
              "cloudBase": 0.03,
              "cloudCeiling": 0.03,
              "weatherCode": 2000
            }
          },
          {
            "startTime": "2021-03-25T07:47:00-04:00",
            "values": {
              "precipitationIntensity": 0,
              "precipitationType": 1,
              "windSpeed": 3.74,
              "windGust": 8.21,
              "windDirection": 3.2,
              "temperature": 50.05,
              "temperatureApparent": 50.05,
              "cloudCover": 100,
              "cloudBase": 0.03,
              "cloudCeiling": 0.03,
              "weatherCode": 2000
            }
          },
          {
            "startTime": "2021-03-25T08:47:00-04:00",
            "values": {
              "precipitationIntensity": 0,
              "precipitationType": 1,
              "windSpeed": 3.67,
              "windGust": 9.44,
              "windDirection": 303.72,
              "temperature": 53.47,
              "temperatureApparent": 53.47,
              "cloudCover": 27.78,
              "cloudBase": null,
              "cloudCeiling": null,
              "weatherCode": 1100
            }
          },
          {
            "startTime": "2021-03-25T09:47:00-04:00",
            "values": {
              "precipitationIntensity": 0,
              "precipitationType": 1,
              "windSpeed": 3.2,
              "windGust": 9.95,
              "windDirection": 226.21,
              "temperature": 57.09,
              "temperatureApparent": 57.09,
              "cloudCover": 56.15,
              "cloudBase": 0.12,
              "cloudCeiling": 0.12,
              "weatherCode": 1101
            }
          },
          {
            "startTime": "2021-03-25T10:47:00-04:00",
            "values": {
              "precipitationIntensity": 0,
              "precipitationType": 1,
              "windSpeed": 4.83,
              "windGust": 12.8,
              "windDirection": 219.44,
              "temperature": 60.13,
              "temperatureApparent": 60.13,
              "cloudCover": 63.41,
              "cloudBase": 0.19,
              "cloudCeiling": 0.26,
              "weatherCode": 1102
            }
          },
          {
            "startTime": "2021-03-25T11:47:00-04:00",
            "values": {
              "precipitationIntensity": 0,
              "precipitationType": 1,
              "windSpeed": 4.61,
              "windGust": 12.68,
              "windDirection": 219.67,
              "temperature": 63.25,
              "temperatureApparent": 63.25,
              "cloudCover": 22.55,
              "cloudBase": null,
              "cloudCeiling": null,
              "weatherCode": 1100
            }
          },
          {
            "startTime": "2021-03-25T12:47:00-04:00",
            "values": {
              "precipitationIntensity": 0,
              "precipitationType": 1,
              "windSpeed": 6.4,
              "windGust": 15.35,
              "windDirection": 205.34,
              "temperature": 65.93,
              "temperatureApparent": 65.93,
              "cloudCover": 3.15,
              "cloudBase": null,
              "cloudCeiling": null,
              "weatherCode": 1000
            }
          },
          {
            "startTime": "2021-03-25T13:47:00-04:00",
            "values": {
              "precipitationIntensity": 0,
              "precipitationType": 1,
              "windSpeed": 8.32,
              "windGust": 18.03,
              "windDirection": 206.54,
              "temperature": 68.47,
              "temperatureApparent": 68.47,
              "cloudCover": 2.61,
              "cloudBase": null,
              "cloudCeiling": null,
              "weatherCode": 1000
            }
          },
          {
            "startTime": "2021-03-25T14:47:00-04:00",
            "values": {
              "precipitationIntensity": 0,
              "precipitationType": 1,
              "windSpeed": 9.51,
              "windGust": 19.55,
              "windDirection": 194.03,
              "temperature": 70.03,
              "temperatureApparent": 70.03,
              "cloudCover": 61.87,
              "cloudBase": null,
              "cloudCeiling": null,
              "weatherCode": 1101
            }
          }
        ]
      },
      {
        "timestep": "1d",
        "startTime": "2021-03-24T06:00:00-04:00",
        "endTime": "2021-03-25T06:00:00-04:00",
        "intervals": [{
          "startTime": "2021-03-24T06:00:00-04:00",
          "values": {
            "precipitationIntensity": 0.3762,
            "precipitationType": 1,
            "windSpeed": 12.86,
            "windGust": 28.79,
            "windDirection": 87.45,
            "temperature": 58.16,
            "temperatureApparent": 58.16,
            "cloudCover": 100,
            "cloudBase": 0.71,
            "cloudCeiling": 6.46,
            "weatherCode": 4200
          }
        },
          {
            "startTime": "2021-03-25T06:00:00-04:00",
            "values": {
              "precipitationIntensity": 0,
              "precipitationType": 1,
              "windSpeed": 9.74,
              "windGust": 19.83,
              "windDirection": 164.73,
              "temperature": 70.33,
              "temperatureApparent": 70.33,
              "cloudCover": 100,
              "cloudBase": 0.19,
              "cloudCeiling": 0.26,
              "weatherCode": 2000
            }
          }
        ]
      }
    ]
  },
  "warnings": [{
    "code": 246009,
    "type": "Missing Time Range",
    "message": "The timestep is not supported in full for the time range requested.",
    "meta": {
      "timestep": "current",
      "from": "now",
      "to": "+1m"
    }
  }]
}